147,EdgeList[0],"PropertyValue[0, EdgeLabels]",0
148,EdgeList[0],"PropertyValue[0, EdgeLabels]",0
149,EdgeList[0],"PropertyValue[0, EdgeLabels]",0
150,EdgeList[0],"PropertyValue[0, EdgeLabels]",0
151,EdgeList[0],"PropertyValue[0, EdgeLabels]",0
152,EdgeList[0],"PropertyValue[0, EdgeLabels]",0
153,EdgeList[0],"PropertyValue[0, EdgeLabels]",0
154,EdgeList[0],"PropertyValue[0, EdgeLabels]",0
155,EdgeList[0],"PropertyValue[0, EdgeLabels]",0
156,EdgeList[0],"PropertyValue[0, EdgeLabels]",0
157,EdgeList[0],"PropertyValue[0, EdgeLabels]",0
158,EdgeList[0],"PropertyValue[0, EdgeLabels]",0
159,EdgeList[0],"PropertyValue[0, EdgeLabels]",0
160,EdgeList[0],"PropertyValue[0, EdgeLabels]",0
161,EdgeList[0],"PropertyValue[0, EdgeLabels]",0
162,EdgeList[0],"PropertyValue[0, EdgeLabels]",0
163,EdgeList[0],"PropertyValue[0, EdgeLabels]",0
164,EdgeList[0],"PropertyValue[0, EdgeLabels]",0
165,EdgeList[0],"PropertyValue[0, EdgeLabels]",0
166,EdgeList[0],"PropertyValue[0, EdgeLabels]",0
167,EdgeList[0],"PropertyValue[0, EdgeLabels]",0
168,EdgeList[0],"PropertyValue[0, EdgeLabels]",0
169,EdgeList[0],"PropertyValue[0, EdgeLabels]",0
170,EdgeList[0],"PropertyValue[0, EdgeLabels]",0
171,EdgeList[0],"PropertyValue[0, EdgeLabels]",0
172,EdgeList[0],"PropertyValue[0, EdgeLabels]",0
173,EdgeList[0],"PropertyValue[0, EdgeLabels]",0
174,EdgeList[0],"PropertyValue[0, EdgeLabels]",0
175,EdgeList[0],"PropertyValue[0, EdgeLabels]",0
176,EdgeList[0],"PropertyValue[0, EdgeLabels]",0
177,EdgeList[0],"PropertyValue[0, EdgeLabels]",0
178,EdgeList[0],"PropertyValue[0, EdgeLabels]",0
179,EdgeList[0],"PropertyValue[0, EdgeLabels]",0
180,EdgeList[0],"PropertyValue[0, EdgeLabels]",0
181,EdgeList[0],"PropertyValue[0, EdgeLabels]",0
182,EdgeList[0],"PropertyValue[0, EdgeLabels]",0
183,EdgeList[0],"PropertyValue[0, EdgeLabels]",0
184,EdgeList[0],"PropertyValue[0, EdgeLabels]",0
185,EdgeList[0],"PropertyValue[0, EdgeLabels]",0
186,EdgeList[0],"PropertyValue[0, EdgeLabels]",0
187,EdgeList[0],"PropertyValue[0, EdgeLabels]",0
188,EdgeList[0],"PropertyValue[0, EdgeLabels]",0
189,EdgeList[0],"PropertyValue[0, EdgeLabels]",0
190,EdgeList[0],"PropertyValue[0, EdgeLabels]",0
191,EdgeList[0],"PropertyValue[0, EdgeLabels]",0
192,EdgeList[0],"PropertyValue[0, EdgeLabels]",0
193,EdgeList[0],"PropertyValue[0, EdgeLabels]",0
194,EdgeList[0],"PropertyValue[0, EdgeLabels]",0
195,EdgeList[0],"PropertyValue[0, EdgeLabels]",0
196,EdgeList[0],"PropertyValue[0, EdgeLabels]",0
197,EdgeList[0],"PropertyValue[0, EdgeLabels]",0
198,EdgeList[0],"PropertyValue[0, EdgeLabels]",0
199,EdgeList[0],"PropertyValue[0, EdgeLabels]",0
200,EdgeList[0],"PropertyValue[0, EdgeLabels]",0
201,EdgeList[0],"PropertyValue[0, EdgeLabels]",0
202,EdgeList[0],"PropertyValue[0, EdgeLabels]",0
203,EdgeList[0],"PropertyValue[0, EdgeLabels]",0
204,EdgeList[0],"PropertyValue[0, EdgeLabels]",0
205,EdgeList[0],"PropertyValue[0, EdgeLabels]",0
206,EdgeList[0],"PropertyValue[0, EdgeLabels]",0
207,EdgeList[0],"PropertyValue[0, EdgeLabels]",0
208,EdgeList[0],"PropertyValue[0, EdgeLabels]",0
209,EdgeList[0],"PropertyValue[0, EdgeLabels]",0
210,EdgeList[0],"PropertyValue[0, EdgeLabels]",0
211,EdgeList[0],"PropertyValue[0, EdgeLabels]",0
212,EdgeList[0],"PropertyValue[0, EdgeLabels]",0
213,EdgeList[0],"PropertyValue[0, EdgeLabels]",0
214,EdgeList[0],"PropertyValue[0, EdgeLabels]",0
215,EdgeList[0],"PropertyValue[0, EdgeLabels]",0
216,EdgeList[0],"PropertyValue[0, EdgeLabels]",0
217,EdgeList[0],"PropertyValue[0, EdgeLabels]",0
218,EdgeList[0],"PropertyValue[0, EdgeLabels]",0
219,EdgeList[0],"PropertyValue[0, EdgeLabels]",0
220,EdgeList[0],"PropertyValue[0, EdgeLabels]",0
221,EdgeList[0],"PropertyValue[0, EdgeLabels]",0
222,EdgeList[0],"PropertyValue[0, EdgeLabels]",0
223,EdgeList[0],"PropertyValue[0, EdgeLabels]",0
224,EdgeList[0],"PropertyValue[0, EdgeLabels]",0
225,EdgeList[0],"PropertyValue[0, EdgeLabels]",0
226,EdgeList[0],"PropertyValue[0, EdgeLabels]",0
227,EdgeList[0],"PropertyValue[0, EdgeLabels]",0
228,EdgeList[0],"PropertyValue[0, EdgeLabels]",0
229,EdgeList[0],"PropertyValue[0, EdgeLabels]",0
230,EdgeList[0],"PropertyValue[0, EdgeLabels]",0
231,EdgeList[0],"PropertyValue[0, EdgeLabels]",0
232,EdgeList[0],"PropertyValue[0, EdgeLabels]",0
233,EdgeList[0],"PropertyValue[0, EdgeLabels]",0
234,EdgeList[0],"PropertyValue[0, EdgeLabels]",0
235,EdgeList[0],"PropertyValue[0, EdgeLabels]",0
236,EdgeList[0],"PropertyValue[0, EdgeLabels]",0
237,EdgeList[0],"PropertyValue[0, EdgeLabels]",0
238,EdgeList[0],"PropertyValue[0, EdgeLabels]",0
239,EdgeList[0],"PropertyValue[0, EdgeLabels]",0
240,EdgeList[0],"PropertyValue[0, EdgeLabels]",0
241,EdgeList[0],"PropertyValue[0, EdgeLabels]",0
242,EdgeList[0],"PropertyValue[0, EdgeLabels]",0
243,EdgeList[0],"PropertyValue[0, EdgeLabels]",0
244,EdgeList[0],"PropertyValue[0, EdgeLabels]",0
245,EdgeList[0],"PropertyValue[0, EdgeLabels]",0
246,EdgeList[0],"PropertyValue[0, EdgeLabels]",0
247,EdgeList[0],"PropertyValue[0, EdgeLabels]",0
248,EdgeList[0],"PropertyValue[0, EdgeLabels]",0
249,EdgeList[0],"PropertyValue[0, EdgeLabels]",0
250,EdgeList[0],"PropertyValue[0, EdgeLabels]",0
251,EdgeList[0],"PropertyValue[0, EdgeLabels]",0
252,EdgeList[0],"PropertyValue[0, EdgeLabels]",0
253,EdgeList[0],"PropertyValue[0, EdgeLabels]",0
254,EdgeList[0],"PropertyValue[0, EdgeLabels]",0
255,EdgeList[0],"PropertyValue[0, EdgeLabels]",0
256,EdgeList[0],"PropertyValue[0, EdgeLabels]",0
257,EdgeList[0],"PropertyValue[0, EdgeLabels]",0
258,EdgeList[0],"PropertyValue[0, EdgeLabels]",0
259,EdgeList[0],"PropertyValue[0, EdgeLabels]",0
260,EdgeList[0],"PropertyValue[0, EdgeLabels]",0
261,EdgeList[0],"PropertyValue[0, EdgeLabels]",0
262,EdgeList[0],"PropertyValue[0, EdgeLabels]",0
263,EdgeList[0],"PropertyValue[0, EdgeLabels]",0
264,EdgeList[0],"PropertyValue[0, EdgeLabels]",0
265,EdgeList[0],"PropertyValue[0, EdgeLabels]",0
266,EdgeList[0],"PropertyValue[0, EdgeLabels]",0
267,EdgeList[0],"PropertyValue[0, EdgeLabels]",0
268,EdgeList[0],"PropertyValue[0, EdgeLabels]",0
269,EdgeList[0],"PropertyValue[0, EdgeLabels]",0
270,EdgeList[0],"PropertyValue[0, EdgeLabels]",0
271,EdgeList[0],"PropertyValue[0, EdgeLabels]",0
272,EdgeList[0],"PropertyValue[0, EdgeLabels]",0
273,EdgeList[0],"PropertyValue[0, EdgeLabels]",0
274,EdgeList[0],"PropertyValue[0, EdgeLabels]",0
275,EdgeList[0],"PropertyValue[0, EdgeLabels]",0
276,EdgeList[0],"PropertyValue[0, EdgeLabels]",0
277,EdgeList[0],"PropertyValue[0, EdgeLabels]",0
278,EdgeList[0],"PropertyValue[0, EdgeLabels]",0
279,EdgeList[0],"PropertyValue[0, EdgeLabels]",0
280,EdgeList[0],"PropertyValue[0, EdgeLabels]",0
281,EdgeList[0],"PropertyValue[0, EdgeLabels]",0
282,EdgeList[0],"PropertyValue[0, EdgeLabels]",0
283,EdgeList[0],"PropertyValue[0, EdgeLabels]",0
284,EdgeList[0],"PropertyValue[0, EdgeLabels]",0
285,EdgeList[0],"PropertyValue[0, EdgeLabels]",0
286,EdgeList[0],"PropertyValue[0, EdgeLabels]",0
287,EdgeList[0],"PropertyValue[0, EdgeLabels]",0
288,EdgeList[0],"PropertyValue[0, EdgeLabels]",0
289,EdgeList[0],"PropertyValue[0, EdgeLabels]",0
290,EdgeList[0],"PropertyValue[0, EdgeLabels]",0
291,EdgeList[0],"PropertyValue[0, EdgeLabels]",0
292,EdgeList[0],"PropertyValue[0, EdgeLabels]",0
293,EdgeList[0],"PropertyValue[0, EdgeLabels]",0
294,EdgeList[0],"PropertyValue[0, EdgeLabels]",0
295,EdgeList[0],"PropertyValue[0, EdgeLabels]",0
296,EdgeList[0],"PropertyValue[0, EdgeLabels]",0
297,EdgeList[0],"PropertyValue[0, EdgeLabels]",0
298,EdgeList[0],"PropertyValue[0, EdgeLabels]",0
299,EdgeList[0],"PropertyValue[0, EdgeLabels]",0
300,EdgeList[0],"PropertyValue[0, EdgeLabels]",0
301,EdgeList[0],"PropertyValue[0, EdgeLabels]",0
302,EdgeList[0],"PropertyValue[0, EdgeLabels]",0
303,EdgeList[0],"PropertyValue[0, EdgeLabels]",0
304,EdgeList[0],"PropertyValue[0, EdgeLabels]",0
305,EdgeList[0],"PropertyValue[0, EdgeLabels]",0
306,EdgeList[0],"PropertyValue[0, EdgeLabels]",0
307,EdgeList[0],"PropertyValue[0, EdgeLabels]",0
308,EdgeList[0],"PropertyValue[0, EdgeLabels]",0
309,EdgeList[0],"PropertyValue[0, EdgeLabels]",0
310,EdgeList[0],"PropertyValue[0, EdgeLabels]",0
311,EdgeList[0],"PropertyValue[0, EdgeLabels]",0
312,EdgeList[0],"PropertyValue[0, EdgeLabels]",0
313,EdgeList[0],"PropertyValue[0, EdgeLabels]",0
314,EdgeList[0],"PropertyValue[0, EdgeLabels]",0
315,EdgeList[0],"PropertyValue[0, EdgeLabels]",0
316,EdgeList[0],"PropertyValue[0, EdgeLabels]",0
317,EdgeList[0],"PropertyValue[0, EdgeLabels]",0
318,EdgeList[0],"PropertyValue[0, EdgeLabels]",0
319,EdgeList[0],"PropertyValue[0, EdgeLabels]",0
320,EdgeList[0],"PropertyValue[0, EdgeLabels]",0
321,EdgeList[0],"PropertyValue[0, EdgeLabels]",0
322,EdgeList[0],"PropertyValue[0, EdgeLabels]",0
323,EdgeList[0],"PropertyValue[0, EdgeLabels]",0
324,EdgeList[0],"PropertyValue[0, EdgeLabels]",0
325,EdgeList[0],"PropertyValue[0, EdgeLabels]",0
326,EdgeList[0],"PropertyValue[0, EdgeLabels]",0
327,EdgeList[0],"PropertyValue[0, EdgeLabels]",0
328,EdgeList[0],"PropertyValue[0, EdgeLabels]",0
329,EdgeList[0],"PropertyValue[0, EdgeLabels]",0
330,EdgeList[0],"PropertyValue[0, EdgeLabels]",0
331,EdgeList[0],"PropertyValue[0, EdgeLabels]",0
332,EdgeList[0],"PropertyValue[0, EdgeLabels]",0
333,EdgeList[0],"PropertyValue[0, EdgeLabels]",0
334,EdgeList[0],"PropertyValue[0, EdgeLabels]",0
335,EdgeList[0],"PropertyValue[0, EdgeLabels]",0
336,EdgeList[0],"PropertyValue[0, EdgeLabels]",0
337,EdgeList[0],"PropertyValue[0, EdgeLabels]",0
338,EdgeList[0],"PropertyValue[0, EdgeLabels]",0
339,EdgeList[0],"PropertyValue[0, EdgeLabels]",0
340,EdgeList[0],"PropertyValue[0, EdgeLabels]",0
341,EdgeList[0],"PropertyValue[0, EdgeLabels]",0
342,EdgeList[0],"PropertyValue[0, EdgeLabels]",0
343,EdgeList[0],"PropertyValue[0, EdgeLabels]",0
344,EdgeList[0],"PropertyValue[0, EdgeLabels]",0
345,EdgeList[0],"PropertyValue[0, EdgeLabels]",0
346,EdgeList[0],"PropertyValue[0, EdgeLabels]",0
347,EdgeList[0],"PropertyValue[0, EdgeLabels]",0
348,EdgeList[0],"PropertyValue[0, EdgeLabels]",0
349,EdgeList[0],"PropertyValue[0, EdgeLabels]",0
350,EdgeList[0],"PropertyValue[0, EdgeLabels]",0
351,EdgeList[0],"PropertyValue[0, EdgeLabels]",0
352,EdgeList[0],"PropertyValue[0, EdgeLabels]",0
353,EdgeList[0],"PropertyValue[0, EdgeLabels]",0
354,EdgeList[0],"PropertyValue[0, EdgeLabels]",0
355,EdgeList[0],"PropertyValue[0, EdgeLabels]",0
356,EdgeList[0],"PropertyValue[0, EdgeLabels]",0
357,EdgeList[0],"PropertyValue[0, EdgeLabels]",0
358,EdgeList[0],"PropertyValue[0, EdgeLabels]",0
359,EdgeList[0],"PropertyValue[0, EdgeLabels]",0
360,EdgeList[0],"PropertyValue[0, EdgeLabels]",0
361,EdgeList[0],"PropertyValue[0, EdgeLabels]",0
362,EdgeList[0],"PropertyValue[0, EdgeLabels]",0
363,EdgeList[0],"PropertyValue[0, EdgeLabels]",0
364,EdgeList[0],"PropertyValue[0, EdgeLabels]",0
365,EdgeList[0],"PropertyValue[0, EdgeLabels]",0
366,EdgeList[0],"PropertyValue[0, EdgeLabels]",0
367,EdgeList[0],"PropertyValue[0, EdgeLabels]",0
368,EdgeList[0],"PropertyValue[0, EdgeLabels]",0
369,EdgeList[0],"PropertyValue[0, EdgeLabels]",0
370,EdgeList[0],"PropertyValue[0, EdgeLabels]",0
371,EdgeList[0],"PropertyValue[0, EdgeLabels]",0
372,EdgeList[0],"PropertyValue[0, EdgeLabels]",0
373,EdgeList[0],"PropertyValue[0, EdgeLabels]",0
374,EdgeList[0],"PropertyValue[0, EdgeLabels]",0
375,EdgeList[0],"PropertyValue[0, EdgeLabels]",0
376,EdgeList[0],"PropertyValue[0, EdgeLabels]",0
377,EdgeList[0],"PropertyValue[0, EdgeLabels]",0
378,EdgeList[0],"PropertyValue[0, EdgeLabels]",0
379,EdgeList[0],"PropertyValue[0, EdgeLabels]",0
380,EdgeList[0],"PropertyValue[0, EdgeLabels]",0
381,EdgeList[0],"PropertyValue[0, EdgeLabels]",0
382,EdgeList[0],"PropertyValue[0, EdgeLabels]",0
383,EdgeList[0],"PropertyValue[0, EdgeLabels]",0
384,EdgeList[0],"PropertyValue[0, EdgeLabels]",0
385,EdgeList[0],"PropertyValue[0, EdgeLabels]",0
386,EdgeList[0],"PropertyValue[0, EdgeLabels]",0
387,EdgeList[0],"PropertyValue[0, EdgeLabels]",0
388,EdgeList[0],"PropertyValue[0, EdgeLabels]",0
389,EdgeList[0],"PropertyValue[0, EdgeLabels]",0
390,EdgeList[0],"PropertyValue[0, EdgeLabels]",0
391,EdgeList[0],"PropertyValue[0, EdgeLabels]",0
392,EdgeList[0],"PropertyValue[0, EdgeLabels]",0
393,EdgeList[0],"PropertyValue[0, EdgeLabels]",0
394,EdgeList[0],"PropertyValue[0, EdgeLabels]",0
395,EdgeList[0],"PropertyValue[0, EdgeLabels]",0
396,EdgeList[0],"PropertyValue[0, EdgeLabels]",0
397,EdgeList[0],"PropertyValue[0, EdgeLabels]",0
398,EdgeList[0],"PropertyValue[0, EdgeLabels]",0
399,EdgeList[0],"PropertyValue[0, EdgeLabels]",0
400,EdgeList[0],"PropertyValue[0, EdgeLabels]",0
401,EdgeList[0],"PropertyValue[0, EdgeLabels]",0
402,EdgeList[0],"PropertyValue[0, EdgeLabels]",0
403,EdgeList[0],"PropertyValue[0, EdgeLabels]",0
404,EdgeList[0],"PropertyValue[0, EdgeLabels]",0
405,EdgeList[0],"PropertyValue[0, EdgeLabels]",0
406,EdgeList[0],"PropertyValue[0, EdgeLabels]",0
407,EdgeList[0],"PropertyValue[0, EdgeLabels]",0
408,EdgeList[0],"PropertyValue[0, EdgeLabels]",0
409,EdgeList[0],"PropertyValue[0, EdgeLabels]",0
410,EdgeList[0],"PropertyValue[0, EdgeLabels]",0
411,EdgeList[0],"PropertyValue[0, EdgeLabels]",0
412,EdgeList[0],"PropertyValue[0, EdgeLabels]",0
413,EdgeList[0],"PropertyValue[0, EdgeLabels]",0
414,EdgeList[0],"PropertyValue[0, EdgeLabels]",0
415,EdgeList[0],"PropertyValue[0, EdgeLabels]",0
416,EdgeList[0],"PropertyValue[0, EdgeLabels]",0
417,EdgeList[0],"PropertyValue[0, EdgeLabels]",0
418,EdgeList[0],"PropertyValue[0, EdgeLabels]",0
419,EdgeList[0],"PropertyValue[0, EdgeLabels]",0
420,EdgeList[0],"PropertyValue[0, EdgeLabels]",0
421,EdgeList[0],"PropertyValue[0, EdgeLabels]",0
422,EdgeList[0],"PropertyValue[0, EdgeLabels]",0
423,EdgeList[0],"PropertyValue[0, EdgeLabels]",0
424,EdgeList[0],"PropertyValue[0, EdgeLabels]",0
425,EdgeList[0],"PropertyValue[0, EdgeLabels]",0
426,EdgeList[0],"PropertyValue[0, EdgeLabels]",0
427,EdgeList[0],"PropertyValue[0, EdgeLabels]",0
428,EdgeList[0],"PropertyValue[0, EdgeLabels]",0
429,EdgeList[0],"PropertyValue[0, EdgeLabels]",0
430,EdgeList[0],"PropertyValue[0, EdgeLabels]",0
431,EdgeList[0],"PropertyValue[0, EdgeLabels]",0
432,EdgeList[0],"PropertyValue[0, EdgeLabels]",0
433,EdgeList[0],"PropertyValue[0, EdgeLabels]",0
434,EdgeList[0],"PropertyValue[0, EdgeLabels]",0
435,EdgeList[0],"PropertyValue[0, EdgeLabels]",0
436,EdgeList[0],"PropertyValue[0, EdgeLabels]",0
437,EdgeList[0],"PropertyValue[0, EdgeLabels]",0
438,EdgeList[0],"PropertyValue[0, EdgeLabels]",0
439,EdgeList[0],"PropertyValue[0, EdgeLabels]",0
440,EdgeList[0],"PropertyValue[0, EdgeLabels]",0
441,EdgeList[0],"PropertyValue[0, EdgeLabels]",0
442,EdgeList[0],"PropertyValue[0, EdgeLabels]",0
443,EdgeList[0],"PropertyValue[0, EdgeLabels]",0
444,EdgeList[0],"PropertyValue[0, EdgeLabels]",0
445,EdgeList[0],"PropertyValue[0, EdgeLabels]",0
446,EdgeList[0],"PropertyValue[0, EdgeLabels]",0
447,EdgeList[0],"PropertyValue[0, EdgeLabels]",0
448,EdgeList[0],"PropertyValue[0, EdgeLabels]",0
449,EdgeList[0],"PropertyValue[0, EdgeLabels]",0
450,EdgeList[0],"PropertyValue[0, EdgeLabels]",0
451,EdgeList[0],"PropertyValue[0, EdgeLabels]",0
452,EdgeList[0],"PropertyValue[0, EdgeLabels]",0
453,EdgeList[0],"PropertyValue[0, EdgeLabels]",0
454,EdgeList[0],"PropertyValue[0, EdgeLabels]",0
455,EdgeList[0],"PropertyValue[0, EdgeLabels]",0
456,EdgeList[0],"PropertyValue[0, EdgeLabels]",0
457,EdgeList[0],"PropertyValue[0, EdgeLabels]",0
458,EdgeList[0],"PropertyValue[0, EdgeLabels]",0
459,EdgeList[0],"PropertyValue[0, EdgeLabels]",0
460,EdgeList[0],"PropertyValue[0, EdgeLabels]",0
461,EdgeList[0],"PropertyValue[0, EdgeLabels]",0
462,EdgeList[0],"PropertyValue[0, EdgeLabels]",0
463,EdgeList[0],"PropertyValue[0, EdgeLabels]",0
464,EdgeList[0],"PropertyValue[0, EdgeLabels]",0
465,EdgeList[0],"PropertyValue[0, EdgeLabels]",0
466,EdgeList[0],"PropertyValue[0, EdgeLabels]",0
467,EdgeList[0],"PropertyValue[0, EdgeLabels]",0
468,EdgeList[0],"PropertyValue[0, EdgeLabels]",0
469,EdgeList[0],"PropertyValue[0, EdgeLabels]",0
470,EdgeList[0],"PropertyValue[0, EdgeLabels]",0
471,EdgeList[0],"PropertyValue[0, EdgeLabels]",0
472,EdgeList[0],"PropertyValue[0, EdgeLabels]",0
473,EdgeList[0],"PropertyValue[0, EdgeLabels]",0
474,EdgeList[0],"PropertyValue[0, EdgeLabels]",0
475,EdgeList[0],"PropertyValue[0, EdgeLabels]",0
476,EdgeList[0],"PropertyValue[0, EdgeLabels]",0
477,EdgeList[0],"PropertyValue[0, EdgeLabels]",0
478,EdgeList[0],"PropertyValue[0, EdgeLabels]",0
479,EdgeList[0],"PropertyValue[0, EdgeLabels]",0
480,EdgeList[0],"PropertyValue[0, EdgeLabels]",0
481,EdgeList[0],"PropertyValue[0, EdgeLabels]",0
482,EdgeList[0],"PropertyValue[0, EdgeLabels]",0
483,EdgeList[0],"PropertyValue[0, EdgeLabels]",0
484,EdgeList[0],"PropertyValue[0, EdgeLabels]",0
485,EdgeList[0],"PropertyValue[0, EdgeLabels]",0
486,EdgeList[0],"PropertyValue[0, EdgeLabels]",0
487,EdgeList[0],"PropertyValue[0, EdgeLabels]",0
488,EdgeList[0],"PropertyValue[0, EdgeLabels]",0
489,EdgeList[0],"PropertyValue[0, EdgeLabels]",0
490,EdgeList[0],"PropertyValue[0, EdgeLabels]",0
491,EdgeList[0],"PropertyValue[0, EdgeLabels]",0
492,EdgeList[0],"PropertyValue[0, EdgeLabels]",0
493,EdgeList[0],"PropertyValue[0, EdgeLabels]",0
494,EdgeList[0],"PropertyValue[0, EdgeLabels]",0
495,EdgeList[0],"PropertyValue[0, EdgeLabels]",0
496,EdgeList[0],"PropertyValue[0, EdgeLabels]",0
497,EdgeList[0],"PropertyValue[0, EdgeLabels]",0
498,EdgeList[0],"PropertyValue[0, EdgeLabels]",0
499,EdgeList[0],"PropertyValue[0, EdgeLabels]",0
500,EdgeList[0],"PropertyValue[0, EdgeLabels]",0
501,EdgeList[0],"PropertyValue[0, EdgeLabels]",0
502,EdgeList[0],"PropertyValue[0, EdgeLabels]",0
503,EdgeList[0],"PropertyValue[0, EdgeLabels]",0
504,EdgeList[0],"PropertyValue[0, EdgeLabels]",0
505,EdgeList[0],"PropertyValue[0, EdgeLabels]",0
506,EdgeList[0],"PropertyValue[0, EdgeLabels]",0
507,EdgeList[0],"PropertyValue[0, EdgeLabels]",0
508,EdgeList[0],"PropertyValue[0, EdgeLabels]",0
509,EdgeList[0],"PropertyValue[0, EdgeLabels]",0
510,EdgeList[0],"PropertyValue[0, EdgeLabels]",0
511,EdgeList[0],"PropertyValue[0, EdgeLabels]",0
512,EdgeList[0],"PropertyValue[0, EdgeLabels]",0
513,EdgeList[0],"PropertyValue[0, EdgeLabels]",0
514,EdgeList[0],"PropertyValue[0, EdgeLabels]",0
515,EdgeList[0],"PropertyValue[0, EdgeLabels]",0
516,EdgeList[0],"PropertyValue[0, EdgeLabels]",0
517,EdgeList[0],"PropertyValue[0, EdgeLabels]",0
518,EdgeList[0],"PropertyValue[0, EdgeLabels]",0
519,EdgeList[0],"PropertyValue[0, EdgeLabels]",0
520,EdgeList[0],"PropertyValue[0, EdgeLabels]",0
521,EdgeList[0],"PropertyValue[0, EdgeLabels]",0
522,EdgeList[0],"PropertyValue[0, EdgeLabels]",0
523,EdgeList[0],"PropertyValue[0, EdgeLabels]",0
524,EdgeList[0],"PropertyValue[0, EdgeLabels]",0
525,EdgeList[0],"PropertyValue[0, EdgeLabels]",0
526,EdgeList[0],"PropertyValue[0, EdgeLabels]",0
527,EdgeList[0],"PropertyValue[0, EdgeLabels]",0
528,EdgeList[0],"PropertyValue[0, EdgeLabels]",0
529,EdgeList[0],"PropertyValue[0, EdgeLabels]",0
530,EdgeList[0],"PropertyValue[0, EdgeLabels]",0
531,EdgeList[0],"PropertyValue[0, EdgeLabels]",0
532,EdgeList[0],"PropertyValue[0, EdgeLabels]",0
533,EdgeList[0],"PropertyValue[0, EdgeLabels]",0
534,EdgeList[0],"PropertyValue[0, EdgeLabels]",0
535,EdgeList[0],"PropertyValue[0, EdgeLabels]",0
536,EdgeList[0],"PropertyValue[0, EdgeLabels]",0
537,EdgeList[0],"PropertyValue[0, EdgeLabels]",0
538,EdgeList[0],"PropertyValue[0, EdgeLabels]",0
539,EdgeList[0],"PropertyValue[0, EdgeLabels]",0
540,EdgeList[0],"PropertyValue[0, EdgeLabels]",0
541,EdgeList[0],"PropertyValue[0, EdgeLabels]",0
542,EdgeList[0],"PropertyValue[0, EdgeLabels]",0
543,EdgeList[0],"PropertyValue[0, EdgeLabels]",0
544,EdgeList[0],"PropertyValue[0, EdgeLabels]",0
545,EdgeList[0],"PropertyValue[0, EdgeLabels]",0
546,EdgeList[0],"PropertyValue[0, EdgeLabels]",0
547,EdgeList[0],"PropertyValue[0, EdgeLabels]",0
548,EdgeList[0],"PropertyValue[0, EdgeLabels]",0
549,EdgeList[0],"PropertyValue[0, EdgeLabels]",0
550,EdgeList[0],"PropertyValue[0, EdgeLabels]",0
551,EdgeList[0],"PropertyValue[0, EdgeLabels]",0
552,EdgeList[0],"PropertyValue[0, EdgeLabels]",0
553,EdgeList[0],"PropertyValue[0, EdgeLabels]",0
554,EdgeList[0],"PropertyValue[0, EdgeLabels]",0
555,EdgeList[0],"PropertyValue[0, EdgeLabels]",0
556,EdgeList[0],"PropertyValue[0, EdgeLabels]",0
557,EdgeList[0],"PropertyValue[0, EdgeLabels]",0
558,EdgeList[0],"PropertyValue[0, EdgeLabels]",0
559,EdgeList[0],"PropertyValue[0, EdgeLabels]",0
560,EdgeList[0],"PropertyValue[0, EdgeLabels]",0
561,EdgeList[0],"PropertyValue[0, EdgeLabels]",0
562,EdgeList[0],"PropertyValue[0, EdgeLabels]",0
563,EdgeList[0],"PropertyValue[0, EdgeLabels]",0
564,EdgeList[0],"PropertyValue[0, EdgeLabels]",0
565,EdgeList[0],"PropertyValue[0, EdgeLabels]",0
566,EdgeList[0],"PropertyValue[0, EdgeLabels]",0
567,EdgeList[0],"PropertyValue[0, EdgeLabels]",0
568,EdgeList[0],"PropertyValue[0, EdgeLabels]",0
569,EdgeList[0],"PropertyValue[0, EdgeLabels]",0
570,EdgeList[0],"PropertyValue[0, EdgeLabels]",0
571,EdgeList[0],"PropertyValue[0, EdgeLabels]",0
572,EdgeList[0],"PropertyValue[0, EdgeLabels]",0
573,EdgeList[0],"PropertyValue[0, EdgeLabels]",0
574,EdgeList[0],"PropertyValue[0, EdgeLabels]",0
575,EdgeList[0],"PropertyValue[0, EdgeLabels]",0
576,EdgeList[0],"PropertyValue[0, EdgeLabels]",0
577,EdgeList[0],"PropertyValue[0, EdgeLabels]",0
578,EdgeList[0],"PropertyValue[0, EdgeLabels]",0
579,EdgeList[0],"PropertyValue[0, EdgeLabels]",0
580,EdgeList[0],"PropertyValue[0, EdgeLabels]",0
581,EdgeList[0],"PropertyValue[0, EdgeLabels]",0
582,EdgeList[0],"PropertyValue[0, EdgeLabels]",0
583,EdgeList[0],"PropertyValue[0, EdgeLabels]",0
584,EdgeList[0],"PropertyValue[0, EdgeLabels]",0
585,EdgeList[0],"PropertyValue[0, EdgeLabels]",0
586,EdgeList[0],"PropertyValue[0, EdgeLabels]",0